plant_id,pi_camera_id,image_path before harvest,image_path after harvest,total.shoot.fw.mg,shoot.pixel,height.pixel,solidity,genotype,specie,location,temperature_celsius,seeds_in_germination,treatment_started,biomas_harvested,height_base_to_tip_of_longest_culm_cm,height_base_to_top_collar_of_longest_culm_cm,panicle FW(g),stemFW(mg),leaf FW(mg),panicle DW(mg),stemDW(mg),leaf DW(mg),roots DW (mg)
157-007,157-003-002,sftp://stargate.datasci.danforthcenter.org//shares/mgehan_share/raw_data/raw_image/gehan-sentinel-images/sentinel-me034-round2-3temps/157-003-002/10.9.1.73_pos-157-003-002_2019-01-22-10-05.jpg,sftp://stargate.datasci.danforthcenter.org//shares/mgehan_share/raw_data/raw_image/gehan-sentinel-images/sentinel-me034-round2-3temps/157-003-002/10.9.1.73_pos-157-003-002_2019-01-22-11-05.jpg,1170,28021,552,0.2878051787,ME034V-1,setaria viridis,GCH157-top-tier,22,1/3/2019,1/11/2019,1/22/2019,9.4,9.4,0,580,590,0,57.5,71.7,26.8
157-009,157-003-002,sftp://stargate.datasci.danforthcenter.org//shares/mgehan_share/raw_data/raw_image/gehan-sentinel-images/sentinel-me034-round2-3temps/157-003-002/10.9.1.73_pos-157-003-002_2019-01-29-10-05.jpg,sftp://stargate.datasci.danforthcenter.org//shares/mgehan_share/raw_data/raw_image/gehan-sentinel-images/sentinel-me034-round2-3temps/157-003-002/10.9.1.73_pos-157-003-002_2019-01-29-11-05.jpg,1190.24,49488,899,0.1969017262,ME034V-1,setaria viridis,GCH157-top-tier,22,1/3/2019,1/11/2019,1/29/2019,22.3,15.9,0.24,740,450,46.5,87,65,35.6
157-010,157-003-002,sftp://stargate.datasci.danforthcenter.org//shares/mgehan_share/raw_data/raw_image/gehan-sentinel-images/sentinel-me034-round2-3temps/157-003-002/10.9.1.73_pos-157-003-002_2019-01-15-10-05.jpg,sftp://stargate.datasci.danforthcenter.org//shares/mgehan_share/raw_data/raw_image/gehan-sentinel-images/sentinel-me034-round2-3temps/157-003-002/10.9.1.73_pos-157-003-002_2019-01-15-11-05.jpg,64.3,4984,265,0.2473756049,ME034V-1,setaria viridis,GCH157-top-tier,22,1/3/2019,1/11/2019,1/15/2019,7.8,1.6,0,20.2,44.1,0,1.9,5.7,2.9
157-011,157-003-002,sftp://stargate.datasci.danforthcenter.org//shares/mgehan_share/raw_data/raw_image/gehan-sentinel-images/sentinel-me034-round2-3temps/157-003-002/10.9.1.73_pos-157-003-002_2019-02-05-09-05.jpg,sftp://stargate.datasci.danforthcenter.org//shares/mgehan_share/raw_data/raw_image/gehan-sentinel-images/sentinel-me034-round2-3temps/157-003-002/10.9.1.73_pos-157-003-002_2019-02-05-10-05.jpg,2470.97,104833,1470,0.09716237089,ME034V-1,setaria viridis,GCH157-top-tier,22,1/3/2019,1/11/2019,2/5/2019,34,18.8,0.97,1720,750,280.9,274.7,134.2,101.3
157-012,157-003-002,sftp://stargate.datasci.danforthcenter.org//shares/mgehan_share/raw_data/raw_image/gehan-sentinel-images/sentinel-me034-round2-3temps/157-003-002/10.9.1.73_pos-157-003-002_2019-01-22-10-05.jpg,sftp://stargate.datasci.danforthcenter.org//shares/mgehan_share/raw_data/raw_image/gehan-sentinel-images/sentinel-me034-round2-3temps/157-003-002/10.9.1.73_pos-157-003-002_2019-01-22-11-05.jpg,546.3347,29700,533,0.2464290604,ME034V-1,setaria viridis,GCH157-top-tier,22,1/3/2019,1/11/2019,1/22/2019,10.8,8.4,0.0347,261.3,285,6.1,26.2,34,12.7
157-019,157-003-004,sftp://stargate.datasci.danforthcenter.org//shares/mgehan_share/raw_data/raw_image/gehan-sentinel-images/sentinel-me034-round2-3temps/157-003-004/10.9.1.75_pos-157-003-004_2019-02-12-11-05.jpg,sftp://stargate.datasci.danforthcenter.org//shares/mgehan_share/raw_data/raw_image/gehan-sentinel-images/sentinel-me034-round2-3temps/157-003-004/10.9.1.75_pos-157-003-004_2019-02-12-12-05.jpg,2831.56,108899,913,0.2545990146,Les5,setaria viridis,GCH157-top-tier,22,1/3/2019,1/11/2019,2/12/2019,32.5,16.5,1.56,1970,860,583,285.2,134.3,79.5
157-020,157-003-004,sftp://stargate.datasci.danforthcenter.org//shares/mgehan_share/raw_data/raw_image/gehan-sentinel-images/sentinel-me034-round2-3temps/157-003-004/10.9.1.75_pos-157-003-004_2019-01-22-10-05.jpg,sftp://stargate.datasci.danforthcenter.org//shares/mgehan_share/raw_data/raw_image/gehan-sentinel-images/sentinel-me034-round2-3temps/157-003-004/10.9.1.75_pos-157-003-004_2019-01-22-11-05.jpg,590.046,20878,499,0.2410200465,Les5,setaria viridis,GCH157-top-tier,22,1/3/2019,1/11/2019,1/22/2019,11,9.7,0.046,260,330,6.2, ,40,17.5
157-021,157-003-004,sftp://stargate.datasci.danforthcenter.org//shares/mgehan_share/raw_data/raw_image/gehan-sentinel-images/sentinel-me034-round2-3temps/157-003-004/10.9.1.75_pos-157-003-004_2019-02-05-10-05.jpg,sftp://stargate.datasci.danforthcenter.org//shares/mgehan_share/raw_data/raw_image/gehan-sentinel-images/sentinel-me034-round2-3temps/157-003-004/10.9.1.75_pos-157-003-004_2019-02-05-11-05.jpg,1606.6,46906,987,0.1385098074,Les5,setaria viridis,GCH157-top-tier,22,1/3/2019,1/11/2019,2/5/2019,25.5,13,6.6,1100,500,192.5,174.1,92.7,75.7
157-023,157-003-004,sftp://stargate.datasci.danforthcenter.org//shares/mgehan_share/raw_data/raw_image/gehan-sentinel-images/sentinel-me034-round2-3temps/157-003-004/10.9.1.75_pos-157-003-004_2019-02-19-13-05.jpg,sftp://stargate.datasci.danforthcenter.org//shares/mgehan_share/raw_data/raw_image/gehan-sentinel-images/sentinel-me034-round2-3temps/157-003-004/10.9.1.75_pos-157-003-004_2019-02-20-14-05.jpg,3202.67,75522,913,0.2221163433,Les5,setaria viridis,GCH157-top-tier,22,1/3/2019,1/11/2019,2/19/2019,26,14.3,1.67,2180,1021,953,360.2,163.8,106.6
157-026,157-002-001,sftp://stargate.datasci.danforthcenter.org//shares/mgehan_share/raw_data/raw_image/gehan-sentinel-images/sentinel-me034-round2-3temps/157-002-001/10.9.1.68_pos-157-002-001_2019-02-19-09-05.jpg,sftp://stargate.datasci.danforthcenter.org//shares/mgehan_share/raw_data/raw_image/gehan-sentinel-images/sentinel-me034-round2-3temps/157-002-001/10.9.1.68_pos-157-002-001_2019-02-19-10-05.jpg,2220.0061,46227,774,0.149590081,ME034V-1,setaria viridis,GCH157-mid-tier,22,1/3/2019,1/11/2019,2/19/2019,23.2,9.2,0.9061,1498.1,721,445.8,233.6,115.1,50.1
157-027,157-002-001,sftp://stargate.datasci.danforthcenter.org//shares/mgehan_share/raw_data/raw_image/gehan-sentinel-images/sentinel-me034-round2-3temps/157-002-001/10.9.1.68_pos-157-002-001_2019-02-05-09-05.jpg,sftp://stargate.datasci.danforthcenter.org//shares/mgehan_share/raw_data/raw_image/gehan-sentinel-images/sentinel-me034-round2-3temps/157-002-001/10.9.1.68_pos-157-002-001_2019-02-05-10-05.jpg,2580.78,77192,1617,0.1665321902,ME034V-1,setaria viridis,GCH157-mid-tier,22,1/3/2019,1/11/2019,2/5/2019,31.5,24,0.78,1760,820,207.5,242.4,125.3,60.2
157-029,157-002-001,sftp://stargate.datasci.danforthcenter.org//shares/mgehan_share/raw_data/raw_image/gehan-sentinel-images/sentinel-me034-round2-3temps/157-002-001/10.9.1.68_pos-157-002-001_2019-02-12-09-05.jpg,sftp://stargate.datasci.danforthcenter.org//shares/mgehan_share/raw_data/raw_image/gehan-sentinel-images/sentinel-me034-round2-3temps/157-002-001/10.9.1.68_pos-157-002-001_2019-02-12-10-05.jpg,2120.92,72324,858,0.171623427,ME034V-1,setaria viridis,GCH157-mid-tier,22,1/3/2019,1/11/2019,2/12/2019,25,20,0.92,1510,610,306.7,222.9,101.6,43.1
157-030,157-002-001,sftp://stargate.datasci.danforthcenter.org//shares/mgehan_share/raw_data/raw_image/gehan-sentinel-images/sentinel-me034-round2-3temps/157-002-001/10.9.1.68_pos-157-002-001_2019-01-15-10-05.jpg,sftp://stargate.datasci.danforthcenter.org//shares/mgehan_share/raw_data/raw_image/gehan-sentinel-images/sentinel-me034-round2-3temps/157-002-001/10.9.1.68_pos-157-002-001_2019-01-15-11-05.jpg,58.2,3047,248,0.4303064539,ME034V-1,setaria viridis,GCH157-mid-tier,22,1/3/2019,1/11/2019,1/15/2019,7.5,2.7,0,20.8,37.4,0,2.4,4.2,6.2
157-037,157-002-003,sftp://stargate.datasci.danforthcenter.org//shares/mgehan_share/raw_data/raw_image/gehan-sentinel-images/sentinel-me034-round2-3temps/157-002-003/10.9.1.70_pos-157-002-003_2019-02-05-10-05.jpg,sftp://stargate.datasci.danforthcenter.org//shares/mgehan_share/raw_data/raw_image/gehan-sentinel-images/sentinel-me034-round2-3temps/157-002-003/10.9.1.70_pos-157-002-003_2019-02-05-11-05.jpg,2854.26,94378,1331,0.1343645559,Les1,setaria viridis,GCH157-mid-tier,22,1/3/2019,1/11/2019,2/5/2019,35,17.2,1.26,1930,923,300.6,247.7,138.5,88
157-039,157-002-003,sftp://stargate.datasci.danforthcenter.org//shares/mgehan_share/raw_data/raw_image/gehan-sentinel-images/sentinel-me034-round2-3temps/157-002-003/10.9.1.70_pos-157-002-003_2019-01-22-10-05.jpg,sftp://stargate.datasci.danforthcenter.org//shares/mgehan_share/raw_data/raw_image/gehan-sentinel-images/sentinel-me034-round2-3temps/157-002-003/10.9.1.70_pos-157-002-003_2019-01-22-11-05.jpg,630.07,25177,659,0.226383369,Les1,setaria viridis,GCH157-mid-tier,22,1/3/2019,1/11/2019,1/22/2019,13.8,11.5,0.07,330,300,11.8,32.8,36.2,21.9
157-040,157-002-003,sftp://stargate.datasci.danforthcenter.org//shares/mgehan_share/raw_data/raw_image/gehan-sentinel-images/sentinel-me034-round2-3temps/157-002-003/10.9.1.70_pos-157-002-003_2019-01-22-10-05.jpg,sftp://stargate.datasci.danforthcenter.org//shares/mgehan_share/raw_data/raw_image/gehan-sentinel-images/sentinel-me034-round2-3temps/157-002-003/10.9.1.70_pos-157-002-003_2019-01-22-11-05.jpg,690.08,25817,538,0.1905510532,Les1,setaria viridis,GCH157-mid-tier,22,1/3/2019,1/11/2019,1/22/2019,10.5,10.5,0.08,340,350,8.4,30.9,43.8,29.5
157-041,157-002-003,sftp://stargate.datasci.danforthcenter.org//shares/mgehan_share/raw_data/raw_image/gehan-sentinel-images/sentinel-me034-round2-3temps/157-002-003/10.9.1.70_pos-157-002-003_2019-02-19-10-05.jpg,sftp://stargate.datasci.danforthcenter.org//shares/mgehan_share/raw_data/raw_image/gehan-sentinel-images/sentinel-me034-round2-3temps/157-002-003/10.9.1.70_pos-157-002-003_2019-02-19-11-05.jpg,1728.5959,58573,888,0.2229870048,Les1,setaria viridis,GCH157-mid-tier,22,1/3/2019,1/11/2019,2/19/2019,25,15,1.1959,1219.2,508.2,647.9,198.9,90.8,105.8
157-042,157-002-003,sftp://stargate.datasci.danforthcenter.org//shares/mgehan_share/raw_data/raw_image/gehan-sentinel-images/sentinel-me034-round2-3temps/157-002-003/10.9.1.70_pos-157-002-003_2019-02-12-11-05.jpg,sftp://stargate.datasci.danforthcenter.org//shares/mgehan_share/raw_data/raw_image/gehan-sentinel-images/sentinel-me034-round2-3temps/157-002-003/10.9.1.70_pos-157-002-003_2019-02-12-12-05.jpg,3601.94,102009,1454,0.09111180084,Les1,setaria viridis,GCH157-mid-tier,22,1/3/2019,1/11/2019,2/12/2019,40.8,17.7,1.94,2590,1010,916.6,420.2,168.1,92.5
157-051,157-001-001,sftp://stargate.datasci.danforthcenter.org//shares/mgehan_share/raw_data/raw_image/gehan-sentinel-images/sentinel-me034-round2-3temps/157-001-001/10.9.1.64_pos-157-001-001_2019-02-05-09-05.jpg,sftp://stargate.datasci.danforthcenter.org//shares/mgehan_share/raw_data/raw_image/gehan-sentinel-images/sentinel-me034-round2-3temps/157-001-001/10.9.1.64_pos-157-001-001_2019-02-05-10-05.jpg,1240.46,44071,886,0.1084588342,ME034V-1,setaria viridis,GCH157-bot-tier,22,1/3/2019,1/11/2019,2/5/2019,23,18.8,0.46,860,380,128.6,125.5,68.7,31.7
157-052,157-001-001,sftp://stargate.datasci.danforthcenter.org//shares/mgehan_share/raw_data/raw_image/gehan-sentinel-images/sentinel-me034-round2-3temps/157-001-001/10.9.1.64_pos-157-001-001_2019-01-29-10-05.jpg,sftp://stargate.datasci.danforthcenter.org//shares/mgehan_share/raw_data/raw_image/gehan-sentinel-images/sentinel-me034-round2-3temps/157-001-001/10.9.1.64_pos-157-001-001_2019-01-29-11-05.jpg,1390.29,42599,982,0.1785316891,ME034V-1,setaria viridis,GCH157-bot-tier,22,1/3/2019,1/11/2019,1/29/2019,25,16.8,0.29,860,530,50.1,103.7,85.3,35.7
157-053,157-001-001,sftp://stargate.datasci.danforthcenter.org//shares/mgehan_share/raw_data/raw_image/gehan-sentinel-images/sentinel-me034-round2-3temps/157-001-001/10.9.1.64_pos-157-001-001_2019-01-15-10-05.jpg,sftp://stargate.datasci.danforthcenter.org//shares/mgehan_share/raw_data/raw_image/gehan-sentinel-images/sentinel-me034-round2-3temps/157-001-001/10.9.1.64_pos-157-001-001_2019-01-15-11-05.jpg,88.7,4043,250,0.1957537463,ME034V-1,setaria viridis,GCH157-bot-tier,22,1/3/2019,1/11/2019,1/15/2019,8.5,2.8,0,32,56.7,0,3.9,9.3,4.1
157-054,157-001-001,sftp://stargate.datasci.danforthcenter.org//shares/mgehan_share/raw_data/raw_image/gehan-sentinel-images/sentinel-me034-round2-3temps/157-001-001/10.9.1.64_pos-157-001-001_2019-02-19-09-05.jpg,sftp://stargate.datasci.danforthcenter.org//shares/mgehan_share/raw_data/raw_image/gehan-sentinel-images/sentinel-me034-round2-3temps/157-001-001/10.9.1.64_pos-157-001-001_2019-02-19-10-05.jpg,5672.1278,165425,989,0.1535829127,ME034V-1,setaria viridis,GCH157-bot-tier,22,1/3/2019,1/11/2019,2/19/2019,46,22.3,2.4278,4218.5,1451.2,1270.4,651.1,256,149.8
157-055,157-001-002,sftp://stargate.datasci.danforthcenter.org//shares/mgehan_share/raw_data/raw_image/gehan-sentinel-images/sentinel-me034-round2-3temps/157-001-002/10.9.1.65_pos-157-001-002_2019-02-12-09-05.jpg,sftp://stargate.datasci.danforthcenter.org//shares/mgehan_share/raw_data/raw_image/gehan-sentinel-images/sentinel-me034-round2-3temps/157-001-002/10.9.1.65_pos-157-001-002_2019-02-12-10-05.jpg,2801.27,76948,1233,0.1507231274,ME034V-1,setaria viridis,GCH157-bot-tier,22,1/3/2019,1/11/2019,2/12/2019,32.5,19.5,1.27,1900,900,445.6,275.1,144.4,63.6
157-056,157-001-002,sftp://stargate.datasci.danforthcenter.org//shares/mgehan_share/raw_data/raw_image/gehan-sentinel-images/sentinel-me034-round2-3temps/157-001-002/10.9.1.65_pos-157-001-002_2019-01-29-10-05.jpg,sftp://stargate.datasci.danforthcenter.org//shares/mgehan_share/raw_data/raw_image/gehan-sentinel-images/sentinel-me034-round2-3temps/157-001-002/10.9.1.65_pos-157-001-002_2019-01-29-11-05.jpg,1600.34,50154,1058,0.1963516352,ME034V-1,setaria viridis,GCH157-bot-tier,22,1/3/2019,1/11/2019,1/29/2019,27.1,17.8,0.34,980,620,64.6,119.4,90.8,32.1
157-057,157-001-002,sftp://stargate.datasci.danforthcenter.org//shares/mgehan_share/raw_data/raw_image/gehan-sentinel-images/sentinel-me034-round2-3temps/157-001-002/10.9.1.65_pos-157-001-002_2019-02-19-10-05.jpg,sftp://stargate.datasci.danforthcenter.org//shares/mgehan_share/raw_data/raw_image/gehan-sentinel-images/sentinel-me034-round2-3temps/157-001-002/10.9.1.65_pos-157-001-002_2019-02-19-11-05.jpg,2431.169,51289,741,0.1490532507,ME034V-1,setaria viridis,GCH157-bot-tier,22,1/3/2019,1/11/2019,2/19/2019,28.5,27,9.869,1711.2,710.1,550,279.9,123.4,66.1
157-059,157-001-002,sftp://stargate.datasci.danforthcenter.org//shares/mgehan_share/raw_data/raw_image/gehan-sentinel-images/sentinel-me034-round2-3temps/157-001-002/10.9.1.65_pos-157-001-002_2019-01-22-10-05.jpg,sftp://stargate.datasci.danforthcenter.org//shares/mgehan_share/raw_data/raw_image/gehan-sentinel-images/sentinel-me034-round2-3temps/157-001-002/10.9.1.65_pos-157-001-002_2019-01-22-11-05.jpg,638.952,26655,602,0.2157941394,ME034V-1,setaria viridis,GCH157-bot-tier,22,1/3/2019,1/11/2019,1/22/2019,11.9,10.5,0.052,311.7,327.2,7.8,32.7,40.5,14.1
157-060,157-001-002,sftp://stargate.datasci.danforthcenter.org//shares/mgehan_share/raw_data/raw_image/gehan-sentinel-images/sentinel-me034-round2-3temps/157-001-002/10.9.1.65_pos-157-001-002_2019-02-12-09-05.jpg,sftp://stargate.datasci.danforthcenter.org//shares/mgehan_share/raw_data/raw_image/gehan-sentinel-images/sentinel-me034-round2-3temps/157-001-002/10.9.1.65_pos-157-001-002_2019-02-12-10-05.jpg,2651.22,102844,1082,0.1308718406,ME034V-1,setaria viridis,GCH157-bot-tier,22,1/3/2019,1/11/2019,2/12/2019,32.6,19.5,1.22,1820,830,464.8,268.4,132.8,55.5
157-063,157-001-003,sftp://stargate.datasci.danforthcenter.org//shares/mgehan_share/raw_data/raw_image/gehan-sentinel-images/sentinel-me034-round2-3temps/157-001-003/10.9.1.66_pos-157-001-003_2019-02-05-10-05.jpg,sftp://stargate.datasci.danforthcenter.org//shares/mgehan_share/raw_data/raw_image/gehan-sentinel-images/sentinel-me034-round2-3temps/157-001-003/10.9.1.66_pos-157-001-003_2019-02-05-11-05.jpg,1877.73,40336,1043,0.155634997,Les1,setaria viridis,GCH157-bot-tier,22,1/3/2019,1/11/2019,2/5/2019,26.5,20.5,0.73,1225,652,185.6,159.8,95,63.3
157-064,157-001-003,sftp://stargate.datasci.danforthcenter.org//shares/mgehan_share/raw_data/raw_image/gehan-sentinel-images/sentinel-me034-round2-3temps/157-001-003/10.9.1.66_pos-157-001-003_2019-02-19-10-05.jpg,sftp://stargate.datasci.danforthcenter.org//shares/mgehan_share/raw_data/raw_image/gehan-sentinel-images/sentinel-me034-round2-3temps/157-001-003/10.9.1.66_pos-157-001-003_2019-02-19-11-05.jpg,2176.7021,47521,912,0.1150306451,Les1,setaria viridis,GCH157-bot-tier,22,1/3/2019,1/11/2019,2/19/2019,28.3,19.2,1.6021,1483.7,691.4,808.6,222.6,111.5,123.2
157-066,157-001-003,sftp://stargate.datasci.danforthcenter.org//shares/mgehan_share/raw_data/raw_image/gehan-sentinel-images/sentinel-me034-round2-3temps/157-001-003/10.9.1.66_pos-157-001-003_2019-02-12-11-05.jpg,sftp://stargate.datasci.danforthcenter.org//shares/mgehan_share/raw_data/raw_image/gehan-sentinel-images/sentinel-me034-round2-3temps/157-001-003/10.9.1.66_pos-157-001-003_2019-02-12-12-05.jpg,1991.19,40602,742,0.1864187328,Les1,setaria viridis,GCH157-bot-tier,22,1/3/2019,1/11/2019,2/12/2019,29,18,1.19,1360,630,572,229.6,103.2,53.8
157-067,157-001-004,sftp://stargate.datasci.danforthcenter.org//shares/mgehan_share/raw_data/raw_image/gehan-sentinel-images/sentinel-me034-round2-3temps/157-001-004/10.9.1.67_pos-157-001-004_2019-02-19-13-05.jpg,sftp://stargate.datasci.danforthcenter.org//shares/mgehan_share/raw_data/raw_image/gehan-sentinel-images/sentinel-me034-round2-3temps/157-001-004/10.9.1.67_pos-157-001-004_2019-02-19-14-05.jpg,3397.1,107932,1767,0.08730525941,Les5,setaria viridis,GCH157-bot-tier,22,1/3/2019,1/11/2019,2/19/2019,37,23.5,2.1,2500,895,1344.9,454.2,187.4,120.6
157-068,157-001-004,sftp://stargate.datasci.danforthcenter.org//shares/mgehan_share/raw_data/raw_image/gehan-sentinel-images/sentinel-me034-round2-3temps/157-001-004/10.9.1.67_pos-157-001-004_2019-01-22-10-05.jpg,sftp://stargate.datasci.danforthcenter.org//shares/mgehan_share/raw_data/raw_image/gehan-sentinel-images/sentinel-me034-round2-3temps/157-001-004/10.9.1.67_pos-157-001-004_2019-01-22-11-05.jpg,840.08,23952,590,0.1749597624,Les5,setaria viridis,GCH157-bot-tier,22,1/3/2019,1/11/2019,1/22/2019,11.5,10,0.08,420,420,11.5,42,52,17.8
157-069,157-001-004,sftp://stargate.datasci.danforthcenter.org//shares/mgehan_share/raw_data/raw_image/gehan-sentinel-images/sentinel-me034-round2-3temps/157-001-004/10.9.1.67_pos-157-001-004_2019-02-05-11-05.jpg,sftp://stargate.datasci.danforthcenter.org//shares/mgehan_share/raw_data/raw_image/gehan-sentinel-images/sentinel-me034-round2-3temps/157-001-004/10.9.1.67_pos-157-001-004_2019-02-05-12-05.jpg,1679.35,49456,1345,0.1370048202,Les5,setaria viridis,GCH157-bot-tier,22,1/3/2019,1/11/2019,2/5/2019,33,17.8,0.75,1163,515.6,194.9,160.3,81.5,48.9
157-072,157-001-004,sftp://stargate.datasci.danforthcenter.org//shares/mgehan_share/raw_data/raw_image/gehan-sentinel-images/sentinel-me034-round2-3temps/157-001-004/10.9.1.67_pos-157-001-004_2019-02-12-11-05.jpg,sftp://stargate.datasci.danforthcenter.org//shares/mgehan_share/raw_data/raw_image/gehan-sentinel-images/sentinel-me034-round2-3temps/157-001-004/10.9.1.67_pos-157-001-004_2019-02-12-12-05.jpg,2861.38,93407,1226,0.1195581289,Les5,setaria viridis,GCH157-bot-tier,22,1/3/2019,1/11/2019,2/12/2019,42,21,1.38,1980,880,646.7,296.2,134.9,65.7
158-079,158-003-002,sftp://stargate.datasci.danforthcenter.org//shares/mgehan_share/raw_data/raw_image/gehan-sentinel-images/sentinel-me034-round2-3temps/158-003-002/10.9.1.86_pos-158-003-002_2019-01-22-10-05.jpg,sftp://stargate.datasci.danforthcenter.org//shares/mgehan_share/raw_data/raw_image/gehan-sentinel-images/sentinel-me034-round2-3temps/158-003-002/10.9.1.86_pos-158-003-002_2019-01-22-11-05.jpg,1026.7064,39431,899,0.1465653906,ME034V-1,setaria viridis,GCH158-top-tier,31,1/3/2019,1/11/2019,1/22/2019,26,18,0.1064,550,476.6,20.1,60.9,50.1,18.5
158-080,158-003-002,sftp://stargate.datasci.danforthcenter.org//shares/mgehan_share/raw_data/raw_image/gehan-sentinel-images/sentinel-me034-round2-3temps/158-003-002/10.9.1.86_pos-158-003-002_2019-01-15-17-05.jpg,sftp://stargate.datasci.danforthcenter.org//shares/mgehan_share/raw_data/raw_image/gehan-sentinel-images/sentinel-me034-round2-3temps/158-003-002/10.9.1.86_pos-158-003-002_2019-01-15-18-05.jpg,163.8,6854,356,0.08148513616,ME034V-1,setaria viridis,GCH158-top-tier,31,1/3/2019,1/11/2019,1/15/2019,12.7,4.8,0,64.4,99.4,0,6,13.4,4.3
158-081,158-003-002,sftp://stargate.datasci.danforthcenter.org//shares/mgehan_share/raw_data/raw_image/gehan-sentinel-images/sentinel-me034-round2-3temps/158-003-002/10.9.1.86_pos-158-003-002_2019-02-05-09-05.jpg,sftp://stargate.datasci.danforthcenter.org//shares/mgehan_share/raw_data/raw_image/gehan-sentinel-images/sentinel-me034-round2-3temps/158-003-002/10.9.1.86_pos-158-003-002_2019-02-05-10-05.jpg,5781.86,NA,NA,NA,ME034V-1,setaria viridis,GCH158-top-tier,31,1/3/2019,1/11/2019,2/5/2019,49.3,25,1.86,4200,1580,799.2,756.4,265.5,154
158-082,158-003-002,sftp://stargate.datasci.danforthcenter.org//shares/mgehan_share/raw_data/raw_image/gehan-sentinel-images/sentinel-me034-round2-3temps/158-003-002/10.9.1.86_pos-158-003-002_2019-01-29-14-05.jpg,sftp://stargate.datasci.danforthcenter.org//shares/mgehan_share/raw_data/raw_image/gehan-sentinel-images/sentinel-me034-round2-3temps/158-003-002/10.9.1.86_pos-158-003-002_2019-01-29-15-05.jpg,3981.05,NA,NA,NA,ME034V-1,setaria viridis,GCH158-top-tier,31,1/3/2019,1/11/2019,1/29/2019,42.5,23.5,1.05,2640,1340,297,374.6,191.1,75.5
158-083,158-003-002,sftp://stargate.datasci.danforthcenter.org//shares/mgehan_share/raw_data/raw_image/gehan-sentinel-images/sentinel-me034-round2-3temps/158-003-002/10.9.1.86_pos-158-003-002_2019-02-12-09-05.jpg,sftp://stargate.datasci.danforthcenter.org//shares/mgehan_share/raw_data/raw_image/gehan-sentinel-images/sentinel-me034-round2-3temps/158-003-002/10.9.1.86_pos-158-003-002_2019-02-12-10-05.jpg,3741.12,95476,1490,0.07347467103,ME034V-1,setaria viridis,GCH158-top-tier,31,1/3/2019,1/11/2019,2/12/2019,35,22.5,1.12,2710,1030,556.7,532.8,198.2,111.1
158-084,158-003-002,sftp://stargate.datasci.danforthcenter.org//shares/mgehan_share/raw_data/raw_image/gehan-sentinel-images/sentinel-me034-round2-3temps/158-003-002/10.9.1.86_pos-158-003-002_2019-02-19-09-05.jpg,sftp://stargate.datasci.danforthcenter.org//shares/mgehan_share/raw_data/raw_image/gehan-sentinel-images/sentinel-me034-round2-3temps/158-003-002/10.9.1.86_pos-158-003-002_2019-02-19-10-05.jpg,3994.0542,88798,1144,0.07534950697,ME034V-1,setaria viridis,GCH158-top-tier,31,1/3/2019,1/11/2019,2/19/2019,37.3,23.5,0.6542,2865.5,1127.9,347,676,318.1,222
158-091,158-003-004,sftp://stargate.datasci.danforthcenter.org//shares/mgehan_share/raw_data/raw_image/gehan-sentinel-images/sentinel-me034-round2-3temps/158-003-004/10.9.1.84_pos-158-003-004_2019-02-12-11-05.jpg,sftp://stargate.datasci.danforthcenter.org//shares/mgehan_share/raw_data/raw_image/gehan-sentinel-images/sentinel-me034-round2-3temps/158-003-004/10.9.1.84_pos-158-003-004_2019-02-12-12-05.jpg,5823.16,NA,NA,NA,Les5,setaria viridis,GCH158-top-tier,31,1/3/2019,1/11/2019,2/12/2019,45.5,22,3.16,4200,1620,1859.1,809,310.1,26.7
158-092,158-003-004,sftp://stargate.datasci.danforthcenter.org//shares/mgehan_share/raw_data/raw_image/gehan-sentinel-images/sentinel-me034-round2-3temps/158-003-004/10.9.1.84_pos-158-003-004_2019-01-22-10-05.jpg,sftp://stargate.datasci.danforthcenter.org//shares/mgehan_share/raw_data/raw_image/gehan-sentinel-images/sentinel-me034-round2-3temps/158-003-004/10.9.1.84_pos-158-003-004_2019-01-22-11-05.jpg,1520.17,48865,759,0.2927739682,Les5,setaria viridis,GCH158-top-tier,31,1/3/2019,1/11/2019,1/22/2019,30.5,18.7,0.17,850,670,31.4,87.4,78.2,26.6
158-095,158-003-004,sftp://stargate.datasci.danforthcenter.org//shares/mgehan_share/raw_data/raw_image/gehan-sentinel-images/sentinel-me034-round2-3temps/158-003-004/10.9.1.84_pos-158-003-004_2019-02-19-13-05.jpg,sftp://stargate.datasci.danforthcenter.org//shares/mgehan_share/raw_data/raw_image/gehan-sentinel-images/sentinel-me034-round2-3temps/158-003-004/10.9.1.84_pos-158-003-004_2019-02-19-14-05.jpg,2219.15,56498,803,0.1035827137,Les5,setaria viridis,GCH158-top-tier,31,1/3/2019,1/11/2019,2/19/2019,27,15.5,1.15,1480,738,813.4,368,179.1,132.2
158-096,158-003-004,sftp://stargate.datasci.danforthcenter.org//shares/mgehan_share/raw_data/raw_image/gehan-sentinel-images/sentinel-me034-round2-3temps/158-003-004/10.9.1.84_pos-158-003-004_2019-02-05-11-05.jpg,sftp://stargate.datasci.danforthcenter.org//shares/mgehan_share/raw_data/raw_image/gehan-sentinel-images/sentinel-me034-round2-3temps/158-003-004/10.9.1.84_pos-158-003-004_2019-02-05-12-05.jpg,2181,45653,877,0.0887215415,Les5,setaria viridis,GCH158-top-tier,31,1/3/2019,1/11/2019,2/5/2019,34.2,22.8,1,1600,580,488.7,264.3,119,60.5
158-097,158-002-001,sftp://stargate.datasci.danforthcenter.org//shares/mgehan_share/raw_data/raw_image/gehan-sentinel-images/sentinel-me034-round2-3temps/158-002-001/10.9.1.83_pos-158-002-001_2019-02-19-08-05.jpg,sftp://stargate.datasci.danforthcenter.org//shares/mgehan_share/raw_data/raw_image/gehan-sentinel-images/sentinel-me034-round2-3temps/158-002-001/10.9.1.83_pos-158-002-001_2019-02-19-10-05.jpg,3760.72,NA,NA,NA,ME034V-1,setaria viridis,GCH158-mid-tier,31,1/3/2019,1/11/2019,2/19/2019,52.8,26,0.72,2650,1110,418.3,595.9,247.7,146.6
158-098,158-002-001,sftp://stargate.datasci.danforthcenter.org//shares/mgehan_share/raw_data/raw_image/gehan-sentinel-images/sentinel-me034-round2-3temps/158-002-001/10.9.1.83_pos-158-002-001_2019-02-05-08-05.jpg,sftp://stargate.datasci.danforthcenter.org//shares/mgehan_share/raw_data/raw_image/gehan-sentinel-images/sentinel-me034-round2-3temps/158-002-001/10.9.1.83_pos-158-002-001_2019-02-05-11-05.jpg,3631.1,NA,NA,NA,ME034V-1,setaria viridis,GCH158-mid-tier,31,1/3/2019,1/11/2019,2/5/2019,44.5,28.5,1.1,2610,1020,406.9,412.1,170.6,88.6
158-100,158-002-001,sftp://stargate.datasci.danforthcenter.org//shares/mgehan_share/raw_data/raw_image/gehan-sentinel-images/sentinel-me034-round2-3temps/158-002-001/10.9.1.83_pos-158-002-001_2019-02-12-08-05.jpg,sftp://stargate.datasci.danforthcenter.org//shares/mgehan_share/raw_data/raw_image/gehan-sentinel-images/sentinel-me034-round2-3temps/158-002-001/10.9.1.83_pos-158-002-001_2019-02-12-10-05.jpg,4461.22,NA,NA,NA,ME034V-1,setaria viridis,GCH158-mid-tier,31,1/3/2019,1/11/2019,2/12/2019,41,23.2,1.22,3290,1170,571.2,572.6,206.3,70.9
158-101,158-002-001,sftp://stargate.datasci.danforthcenter.org//shares/mgehan_share/raw_data/raw_image/gehan-sentinel-images/sentinel-me034-round2-3temps/158-002-001/10.9.1.83_pos-158-002-001_2019-01-15-17-05.jpg,sftp://stargate.datasci.danforthcenter.org//shares/mgehan_share/raw_data/raw_image/gehan-sentinel-images/sentinel-me034-round2-3temps/158-002-001/10.9.1.83_pos-158-002-001_2019-01-15-18-05.jpg,185,9342,436,0.2650137585,ME034V-1,setaria viridis,GCH158-mid-tier,31,1/3/2019,1/11/2019,1/15/2019,15,5.8,0,66.3,118.7,0,6.4,17,7.4
158-102,158-002-001,sftp://stargate.datasci.danforthcenter.org//shares/mgehan_share/raw_data/raw_image/gehan-sentinel-images/sentinel-me034-round2-3temps/158-002-002/10.9.1.82_pos-158-002-002_2019-02-12-08-05.jpg,sftp://stargate.datasci.danforthcenter.org//shares/mgehan_share/raw_data/raw_image/gehan-sentinel-images/sentinel-me034-round2-3temps/158-002-002/10.9.1.82_pos-158-002-002_2019-02-12-09-05.jpg,6261.6,NA,NA,NA,ME034V-1,setaria viridis,GCH158-mid-tier,31,1/3/2019,1/11/2019,2/12/2019,48,28,1.6,4790,1470,735.3,1028.4,291.3,213.9
158-103,158-002-002,sftp://stargate.datasci.danforthcenter.org//shares/mgehan_share/raw_data/raw_image/gehan-sentinel-images/sentinel-me034-round2-3temps/158-002-002/10.9.1.82_pos-158-002-002_2019-01-22-08-05.jpg,sftp://stargate.datasci.danforthcenter.org//shares/mgehan_share/raw_data/raw_image/gehan-sentinel-images/sentinel-me034-round2-3temps/158-002-002/10.9.1.82_pos-158-002-002_2019-01-22-11-05.jpg,1151.3119,35208,1012,0.09484492203,ME034V-1,setaria viridis,GCH158-mid-tier,31,1/3/2019,1/11/2019,1/22/2019,30.3,20,0.1119,675.3,475.9,22.5,73.3,57.3,22.8
158-104,158-002-002,sftp://stargate.datasci.danforthcenter.org//shares/mgehan_share/raw_data/raw_image/gehan-sentinel-images/sentinel-me034-round2-3temps/158-002-002/10.9.1.82_pos-158-002-002_2019-01-22-08-05.jpg,sftp://stargate.datasci.danforthcenter.org//shares/mgehan_share/raw_data/raw_image/gehan-sentinel-images/sentinel-me034-round2-3temps/158-002-002/10.9.1.82_pos-158-002-002_2019-01-22-11-05.jpg,1423.4711,NA,NA,NA,ME034V-1,setaria viridis,GCH158-mid-tier,31,1/3/2019,1/11/2019,1/22/2019,32.5,22,0.1711,859.2,564.1,33.5,90.7,67.6,28.6
158-105,158-002-002,sftp://stargate.datasci.danforthcenter.org//shares/mgehan_share/raw_data/raw_image/gehan-sentinel-images/sentinel-me034-round2-3temps/158-002-002/10.9.1.82_pos-158-002-002_2019-01-29-09-05.jpg,sftp://stargate.datasci.danforthcenter.org//shares/mgehan_share/raw_data/raw_image/gehan-sentinel-images/sentinel-me034-round2-3temps/158-002-002/10.9.1.82_pos-158-002-002_2019-01-29-11-05.jpg,4290.94,124317,1469,0.08978520581,ME034V-1,setaria viridis,GCH158-mid-tier,31,1/3/2019,1/11/2019,1/29/2019,51.2,25.1,0.94,2750,1540,248.4,382.6,210.8,69.8
158-106,158-002-002,sftp://stargate.datasci.danforthcenter.org//shares/mgehan_share/raw_data/raw_image/gehan-sentinel-images/sentinel-me034-round2-3temps/158-002-002/10.9.1.82_pos-158-002-002_2019-01-29-14-05.jpg,sftp://stargate.datasci.danforthcenter.org//shares/mgehan_share/raw_data/raw_image/gehan-sentinel-images/sentinel-me034-round2-3temps/158-002-002/10.9.1.82_pos-158-002-002_2019-01-29-15-05.jpg,2660.66,100802,1127,0.1006623813,ME034V-1,setaria viridis,GCH158-mid-tier,31,1/3/2019,1/11/2019,1/29/2019,35,24.8,0.66,1720,940,168.4,231.4,139.5,45.3
158-109,158-002-003,sftp://stargate.datasci.danforthcenter.org//shares/mgehan_share/raw_data/raw_image/gehan-sentinel-images/sentinel-me034-round2-3temps/158-002-003/10.9.1.81_pos-158-002-003_2019-02-12-09-05.jpg,sftp://stargate.datasci.danforthcenter.org//shares/mgehan_share/raw_data/raw_image/gehan-sentinel-images/sentinel-me034-round2-3temps/158-002-003/10.9.1.81_pos-158-002-003_2019-02-12-12-05.jpg,830.45,26865,299,0.2441806564,Les1,setaria viridis,GCH158-mid-tier,31,1/3/2019,1/11/2019,2/12/2019,15,10.2,0.45,480,350,251.2,72.2,54.4,18.1
158-110,158-002-003,sftp://stargate.datasci.danforthcenter.org//shares/mgehan_share/raw_data/raw_image/gehan-sentinel-images/sentinel-me034-round2-3temps/158-002-003/10.9.1.81_pos-158-002-003_2019-02-19-09-05.jpg,sftp://stargate.datasci.danforthcenter.org//shares/mgehan_share/raw_data/raw_image/gehan-sentinel-images/sentinel-me034-round2-3temps/158-002-003/10.9.1.81_pos-158-002-003_2019-02-19-12-05.jpg,1985.5212,45114,805,0.1894726232,Les1,setaria viridis,GCH158-mid-tier,31,1/3/2019,1/11/2019,2/19/2019,17.3,12.3,1.1212,1304.4,680,725.4,254.1,134.5,72
158-112,158-002-003,sftp://stargate.datasci.danforthcenter.org//shares/mgehan_share/raw_data/raw_image/gehan-sentinel-images/sentinel-me034-round2-3temps/158-002-003/10.9.1.81_pos-158-002-003_2019-01-22-09-05.jpg,sftp://stargate.datasci.danforthcenter.org//shares/mgehan_share/raw_data/raw_image/gehan-sentinel-images/sentinel-me034-round2-3temps/158-002-003/10.9.1.81_pos-158-002-003_2019-01-22-12-05.jpg,710.07,25324,637,0.2168995628,Les1,setaria viridis,GCH158-mid-tier,31,1/3/2019,1/11/2019,1/22/2019,15.3,18.5,0.07,350,360,10.3,34,39.7,8.8
158-114,158-002-003,sftp://stargate.datasci.danforthcenter.org//shares/mgehan_share/raw_data/raw_image/gehan-sentinel-images/sentinel-me034-round2-3temps/158-002-003/10.9.1.81_pos-158-002-003_2019-02-05-09-05.jpg,sftp://stargate.datasci.danforthcenter.org//shares/mgehan_share/raw_data/raw_image/gehan-sentinel-images/sentinel-me034-round2-3temps/158-002-003/10.9.1.81_pos-158-002-003_2019-02-05-12-05.jpg,1420.6,56444,679,0.2112120821,Les1,setaria viridis,GCH158-mid-tier,31,1/3/2019,1/11/2019,2/5/2019,23.2,14.2,0.6,875,545,263,124,77.6,30.3
158-127,158-001-002,sftp://stargate.datasci.danforthcenter.org//shares/mgehan_share/raw_data/raw_image/gehan-sentinel-images/sentinel-me034-round2-3temps/158-001-002/10.9.1.78_pos-158-001-002_2019-02-05-09-05.jpg,sftp://stargate.datasci.danforthcenter.org//shares/mgehan_share/raw_data/raw_image/gehan-sentinel-images/sentinel-me034-round2-3temps/158-001-002/10.9.1.78_pos-158-001-002_2019-02-05-10-05.jpg,1310.41,49853,681,0.211428317,ME034V-1,setaria viridis,GCH158-low-tier,31,1/3/2019,1/11/2019,2/5/2019,27,12.8,0.41,850,460,159.2,119,77.8,36.5
158-128,158-001-002,sftp://stargate.datasci.danforthcenter.org//shares/mgehan_share/raw_data/raw_image/gehan-sentinel-images/sentinel-me034-round2-3temps/158-001-002/10.9.1.78_pos-158-001-002_2019-01-15-10-05.jpg,sftp://stargate.datasci.danforthcenter.org//shares/mgehan_share/raw_data/raw_image/gehan-sentinel-images/sentinel-me034-round2-3temps/158-001-002/10.9.1.78_pos-158-001-002_2019-01-15-18-05.jpg,123.9,5166,354,0.06790979539,ME034V-1,setaria viridis,GCH158-low-tier,31,1/3/2019,1/11/2019,1/15/2019,11.7,4.8,0,41.8,82.1,0,3.5,8.4,3.5
158-130,158-001-002,sftp://stargate.datasci.danforthcenter.org//shares/mgehan_share/raw_data/raw_image/gehan-sentinel-images/sentinel-me034-round2-3temps/158-001-002/10.9.1.78_pos-158-001-002_2019-02-19-09-05.jpg,sftp://stargate.datasci.danforthcenter.org//shares/mgehan_share/raw_data/raw_image/gehan-sentinel-images/sentinel-me034-round2-3temps/158-001-002/10.9.1.78_pos-158-001-002_2019-02-19-10-05.jpg,1599.8682,45198,572,0.1615428742,ME034V-1,setaria viridis,GCH158-low-tier,31,1/3/2019,1/11/2019,2/19/2019,28,16.8,0.3682,1043.7,555.8,186.4,178.2,110.2,40.5
158-133,158-001-003,sftp://stargate.datasci.danforthcenter.org//shares/mgehan_share/raw_data/raw_image/gehan-sentinel-images/sentinel-me034-round2-3temps/158-001-003/10.9.1.77_pos-158-001-003_2019-02-05-09-05.jpg,sftp://stargate.datasci.danforthcenter.org//shares/mgehan_share/raw_data/raw_image/gehan-sentinel-images/sentinel-me034-round2-3temps/158-001-003/10.9.1.77_pos-158-001-003_2019-02-05-11-05.jpg,748.3,35263,621,0.1728226856,Les1,setaria viridis,GCH158-low-tier,31,1/3/2019,1/11/2019,2/5/2019,16.2,12,0.3,399,349,,54.6,46.7,22.2
158-135,158-001-003,sftp://stargate.datasci.danforthcenter.org//shares/mgehan_share/raw_data/raw_image/gehan-sentinel-images/sentinel-me034-round2-3temps/158-001-003/10.9.1.77_pos-158-001-003_2019-02-19-09-05.jpg,sftp://stargate.datasci.danforthcenter.org//shares/mgehan_share/raw_data/raw_image/gehan-sentinel-images/sentinel-me034-round2-3temps/158-001-003/10.9.1.77_pos-158-001-003_2019-02-19-13-05.jpg,1105.1749,50715,623,0.2060601136,Les1,setaria viridis,GCH158-low-tier,31,1/3/2019,1/11/2019,2/19/2019,19,14.2,0.5749,668.8,435.8,369,110.8,73.3,27.6
158-137,158-001-003,sftp://stargate.datasci.danforthcenter.org//shares/mgehan_share/raw_data/raw_image/gehan-sentinel-images/sentinel-me034-round2-3temps/158-001-003/10.9.1.77_pos-158-001-003_2019-01-22-09-05.jpg,sftp://stargate.datasci.danforthcenter.org//shares/mgehan_share/raw_data/raw_image/gehan-sentinel-images/sentinel-me034-round2-3temps/158-001-003/10.9.1.77_pos-158-001-003_2019-01-22-11-05.jpg,480.03,21862,592,0.1731533843,Les1,setaria viridis,GCH158-low-tier,31,1/3/2019,1/11/2019,1/22/2019,15,9.5,0.03,260,220,6.1,26.3,26,9.8
158-138,158-001-003,sftp://stargate.datasci.danforthcenter.org//shares/mgehan_share/raw_data/raw_image/gehan-sentinel-images/sentinel-me034-round2-3temps/158-001-003/10.9.1.77_pos-158-001-003_2019-02-12-09-05.jpg,sftp://stargate.datasci.danforthcenter.org//shares/mgehan_share/raw_data/raw_image/gehan-sentinel-images/sentinel-me034-round2-3temps/158-001-003/10.9.1.77_pos-158-001-003_2019-02-12-12-05.jpg,1871,71658,467,0.3572726661,Les1,setaria viridis,GCH158-low-tier,31,1/3/2019,1/11/2019,2/12/2019,19.5,12.3,1,1120,750,555.1,182.9,111.4,31.7
158-139,158-001-004,sftp://stargate.datasci.danforthcenter.org//shares/mgehan_share/raw_data/raw_image/gehan-sentinel-images/sentinel-me034-round2-3temps/158-001-004/10.9.1.76_pos-158-001-004_2019-02-05-09-05.jpg,sftp://stargate.datasci.danforthcenter.org//shares/mgehan_share/raw_data/raw_image/gehan-sentinel-images/sentinel-me034-round2-3temps/158-001-004/10.9.1.76_pos-158-001-004_2019-02-05-12-05.jpg,1576.57,46231,716,0.237649363,Les5,setaria viridis,GCH158-low-tier,31,1/3/2019,1/11/2019,2/5/2019,26.8,19,0.57,975,601,225.2,132.9,82.3,52.4
158-140,158-001-004,sftp://stargate.datasci.danforthcenter.org//shares/mgehan_share/raw_data/raw_image/gehan-sentinel-images/sentinel-me034-round2-3temps/158-001-004/10.9.1.76_pos-158-001-004_2019-02-12-09-05.jpg,sftp://stargate.datasci.danforthcenter.org//shares/mgehan_share/raw_data/raw_image/gehan-sentinel-images/sentinel-me034-round2-3temps/158-001-004/10.9.1.76_pos-158-001-004_2019-02-12-12-05.jpg,1910.88,66677,887,0.1831187057,Les5,setaria viridis,GCH158-low-tier,31,1/3/2019,1/11/2019,2/12/2019,28.8,17.3,0.88,1230,680,494.6,181.6,100.6,151
158-141,158-001-004,sftp://stargate.datasci.danforthcenter.org//shares/mgehan_share/raw_data/raw_image/gehan-sentinel-images/sentinel-me034-round2-3temps/158-001-004/10.9.1.76_pos-158-001-004_2019-01-22-09-05.jpg,sftp://stargate.datasci.danforthcenter.org//shares/mgehan_share/raw_data/raw_image/gehan-sentinel-images/sentinel-me034-round2-3temps/158-001-004/10.9.1.76_pos-158-001-004_2019-01-22-12-05.jpg,640.048,21298,658,0.1670850723,Les5,setaria viridis,GCH158-low-tier,31,1/3/2019,1/11/2019,1/22/2019,17.7,12.9,0.048,320,320,8.2,26.6,34.7,7.3
158-144,158-001-004,sftp://stargate.datasci.danforthcenter.org//shares/mgehan_share/raw_data/raw_image/gehan-sentinel-images/sentinel-me034-round2-3temps/158-001-004/10.9.1.76_pos-158-001-004_2019-02-19-09-05.jpg,sftp://stargate.datasci.danforthcenter.org//shares/mgehan_share/raw_data/raw_image/gehan-sentinel-images/sentinel-me034-round2-3temps/158-001-004/10.9.1.76_pos-158-001-004_2019-02-19-14-05.jpg,1250.65,30885,475,0.2291053135,Les5,setaria viridis,GCH158-low-tier,31,1/3/2019,1/11/2019,2/19/2019,17.5,9.8,0.65,720,530,429.8,139.3,94.1,18.9
159-151,159-003-002,sftp://stargate.datasci.danforthcenter.org//shares/mgehan_share/raw_data/raw_image/gehan-sentinel-images/sentinel-me034-round2-3temps/159-003-002/10.9.1.97_pos-159-003-002_2019-01-15-09-05.jpg,sftp://stargate.datasci.danforthcenter.org//shares/mgehan_share/raw_data/raw_image/gehan-sentinel-images/sentinel-me034-round2-3temps/159-003-002/10.9.1.97_pos-159-003-002_2019-01-15-18-05.jpg,201.3,11043,593,0.09575381307,ME034V-1,setaria viridis,GCH159-top-tier,36,1/3/2019,1/11/2019,1/15/2019,17.4,9,0,90.8,110.5,0,9.4,17.27,7.4
159-152,159-003-002,sftp://stargate.datasci.danforthcenter.org//shares/mgehan_share/raw_data/raw_image/gehan-sentinel-images/sentinel-me034-round2-3temps/159-003-002/10.9.1.97_pos-159-003-002_2019-02-05-09-05.jpg,sftp://stargate.datasci.danforthcenter.org//shares/mgehan_share/raw_data/raw_image/gehan-sentinel-images/sentinel-me034-round2-3temps/159-003-002/10.9.1.97_pos-159-003-002_2019-02-05-12-05.jpg,9682.94,NA,NA,NA,ME034V-1,setaria viridis,GCH159-top-tier,36,1/3/2019,1/11/2019,2/5/2019,42,24.5,2.94,7490,2190,842.8,2774.6,397.2,384.2
159-153,159-003-002,sftp://stargate.datasci.danforthcenter.org//shares/mgehan_share/raw_data/raw_image/gehan-sentinel-images/sentinel-me034-round2-3temps/159-003-002/10.9.1.97_pos-159-003-002_2019-01-29-09-05.jpg,sftp://stargate.datasci.danforthcenter.org//shares/mgehan_share/raw_data/raw_image/gehan-sentinel-images/sentinel-me034-round2-3temps/159-003-002/10.9.1.97_pos-159-003-002_2019-01-29-13-05.jpg,5371.06,NA,NA,NA,ME034V-1,setaria viridis,GCH159-top-tier,36,1/3/2019,1/11/2019,1/29/2019,45.2,31.7,1.06,3820,1550,237.5,536.6,239.9,121.8
159-154,159-003-002,sftp://stargate.datasci.danforthcenter.org//shares/mgehan_share/raw_data/raw_image/gehan-sentinel-images/sentinel-me034-round2-3temps/159-003-002/10.9.1.97_pos-159-003-002_2019-02-12-09-05.jpg,sftp://stargate.datasci.danforthcenter.org//shares/mgehan_share/raw_data/raw_image/gehan-sentinel-images/sentinel-me034-round2-3temps/159-003-002/10.9.1.97_pos-159-003-002_2019-02-12-13-05.jpg,14765.38,NA,NA,  ,ME034V-1,setaria viridis,GCH159-top-tier,36,1/3/2019,1/11/2019,2/12/2019,46,28,5.38,11720,3040,1880.1,,771,677.8
159-155,159-003-002,sftp://stargate.datasci.danforthcenter.org//shares/mgehan_share/raw_data/raw_image/gehan-sentinel-images/sentinel-me034-round2-3temps/159-003-002/10.9.1.97_pos-159-003-002_2019-02-19-09-05.jpg,sftp://stargate.datasci.danforthcenter.org//shares/mgehan_share/raw_data/raw_image/gehan-sentinel-images/sentinel-me034-round2-3temps/159-003-002/10.9.1.97_pos-159-003-002_2019-02-19-10-05.jpg,19212.6214,NA,NA,NA,ME034V-1,setaria viridis,GCH159-top-tier,36,1/3/2019,1/11/2019,2/19/2019,46,31,7.6014,15402.8,3802.22,2677.2,3719.5,1101.4,713.9
159-163,159-003-004,sftp://stargate.datasci.danforthcenter.org//shares/mgehan_share/raw_data/raw_image/gehan-sentinel-images/sentinel-me034-round2-3temps/159-003-004/10.9.1.99_pos-159-003-004_2019-02-05-09-05.jpg,sftp://stargate.datasci.danforthcenter.org//shares/mgehan_share/raw_data/raw_image/gehan-sentinel-images/sentinel-me034-round2-3temps/159-003-004/10.9.1.99_pos-159-003-004_2019-02-05-13-05.jpg,6576.06,NA,NA,NA,Les5,setaria viridis,GCH159-top-tier,36,1/3/2019,1/11/2019,2/5/2019,40,39.6,2.06,5004,1570,595.5,888.2,339.5,242.5
159-166,159-003-004,sftp://stargate.datasci.danforthcenter.org//shares/mgehan_share/raw_data/raw_image/gehan-sentinel-images/sentinel-me034-round2-3temps/159-003-004/10.9.1.99_pos-159-003-004_2019-01-22-09-05.jpg,sftp://stargate.datasci.danforthcenter.org//shares/mgehan_share/raw_data/raw_image/gehan-sentinel-images/sentinel-me034-round2-3temps/159-003-004/10.9.1.99_pos-159-003-004_2019-01-22-12-05.jpg,820.05,38821,992,0.1570546339,Les5,setaria viridis,GCH159-top-tier,36,1/3/2019,1/11/2019,1/22/2019,26.7,18.6,0.05,500,320,11.2,57,44.1,17.1
159-168,159-003-004,sftp://stargate.datasci.danforthcenter.org//shares/mgehan_share/raw_data/raw_image/gehan-sentinel-images/sentinel-me034-round2-3temps/159-003-004/10.9.1.99_pos-159-003-004_2019-02-12-09-05.jpg,sftp://stargate.datasci.danforthcenter.org//shares/mgehan_share/raw_data/raw_image/gehan-sentinel-images/sentinel-me034-round2-3temps/159-003-004/10.9.1.99_pos-159-003-004_2019-02-12-12-05.jpg,8223.57,NA,NA,NA,Les5,setaria viridis,GCH159-top-tier,36,1/3/2019,1/11/2019,2/12/2019,42,20.2,3.57,6470,1750,1083.6,1269.1,406.5,172.8
159-169,159-002-001,sftp://stargate.datasci.danforthcenter.org//shares/mgehan_share/raw_data/raw_image/gehan-sentinel-images/sentinel-me034-round2-3temps/159-002-001/10.9.1.92_pos-159-002-001_2019-02-05-09-05.jpg,sftp://stargate.datasci.danforthcenter.org//shares/mgehan_share/raw_data/raw_image/gehan-sentinel-images/sentinel-me034-round2-3temps/159-002-001/10.9.1.92_pos-159-002-001_2019-02-05-13-05.jpg,3670.9,NA,NA,NA,ME034V-1,setaria viridis,GCH159-mid-tier,36,1/3/2019,1/11/2019,2/5/2019,34.5,26.5,0.9,2620,1050,243,429.1,190,91.4
159-170,159-002-001,sftp://stargate.datasci.danforthcenter.org//shares/mgehan_share/raw_data/raw_image/gehan-sentinel-images/sentinel-me034-round2-3temps/159-002-001/10.9.1.92_pos-159-002-001_2019-02-12-08-05.jpg,sftp://stargate.datasci.danforthcenter.org//shares/mgehan_share/raw_data/raw_image/gehan-sentinel-images/sentinel-me034-round2-3temps/159-002-001/10.9.1.92_pos-159-002-001_2019-02-12-11-05.jpg,10113.48,NA,NA,NA,ME034V-1,setaria viridis,GCH159-mid-tier,36,1/3/2019,1/11/2019,2/12/2019,41,,3.48,7500,2610,1093.4,1500.7,592.5,281.9
159-171,159-002-001,sftp://stargate.datasci.danforthcenter.org//shares/mgehan_share/raw_data/raw_image/gehan-sentinel-images/sentinel-me034-round2-3temps/159-002-001/10.9.1.92_pos-159-002-001_2019-01-29-09-05.jpg,sftp://stargate.datasci.danforthcenter.org//shares/mgehan_share/raw_data/raw_image/gehan-sentinel-images/sentinel-me034-round2-3temps/159-002-001/10.9.1.92_pos-159-002-001_2019-01-29-14-05.jpg,2660.45,NA,NA,NA,ME034V-1,setaria viridis,GCH159-mid-tier,36,1/3/2019,1/11/2019,1/29/2019,33.3,23.5,0.45,1750,910,92.8,226,131.3,64.8
159-173,159-002-001,sftp://stargate.datasci.danforthcenter.org//shares/mgehan_share/raw_data/raw_image/gehan-sentinel-images/sentinel-me034-round2-3temps/159-002-001/10.9.1.92_pos-159-002-001_2019-01-15-09-05.jpg,sftp://stargate.datasci.danforthcenter.org//shares/mgehan_share/raw_data/raw_image/gehan-sentinel-images/sentinel-me034-round2-3temps/159-002-001/10.9.1.92_pos-159-002-001_2019-01-15-18-05.jpg,123.4,4909,404,0.1058521649,ME034V-1,setaria viridis,GCH159-mid-tier,36,1/3/2019,1/11/2019,1/15/2019,12.2,6.2,0,57.5,65.9,0,5.6,9.5,5.9
159-174,159-002-001,sftp://stargate.datasci.danforthcenter.org//shares/mgehan_share/raw_data/raw_image/gehan-sentinel-images/sentinel-me034-round2-3temps/159-002-001/10.9.1.92_pos-159-002-001_2019-01-22-09-05.jpg,sftp://stargate.datasci.danforthcenter.org//shares/mgehan_share/raw_data/raw_image/gehan-sentinel-images/sentinel-me034-round2-3temps/159-002-001/10.9.1.92_pos-159-002-001_2019-01-22-12-05.jpg,1450.06,64025,872,0.185979161,ME034V-1,setaria viridis,GCH159-mid-tier,36,1/3/2019,1/11/2019,1/22/2019,24.2,14,0.06,820,630,13.4,86,80.7,27.3
159-181,159-002-003,sftp://stargate.datasci.danforthcenter.org//shares/mgehan_share/raw_data/raw_image/gehan-sentinel-images/sentinel-me034-round2-3temps/159-002-003/10.9.1.94_pos-159-002-003_2019-02-12-09-05.jpg,sftp://stargate.datasci.danforthcenter.org//shares/mgehan_share/raw_data/raw_image/gehan-sentinel-images/sentinel-me034-round2-3temps/159-002-003/10.9.1.94_pos-159-002-003_2019-02-12-12-05.jpg,7882.65,NA,NA,NA,Les1,setaria viridis,GCH159-mid-tier,36,1/3/2019,1/11/2019,2/12/2019,38.8,23.5,2.65,6260,1620,781.3,1112.1,349.7,141.2
159-182,159-002-003,sftp://stargate.datasci.danforthcenter.org//shares/mgehan_share/raw_data/raw_image/gehan-sentinel-images/sentinel-me034-round2-3temps/159-002-003/10.9.1.94_pos-159-002-003_2019-02-19-09-05.jpg,sftp://stargate.datasci.danforthcenter.org//shares/mgehan_share/raw_data/raw_image/gehan-sentinel-images/sentinel-me034-round2-3temps/159-002-003/10.9.1.94_pos-159-002-003_2019-02-19-13-05.jpg,10343.94,NA,NA,NA,Les1,setaria viridis,GCH159-mid-tier,36,1/3/2019,1/11/2019,2/19/2019,37,18.5,3.94,8120,2220,1310.4,1616.6,527,172.2
159-185,159-002-003,sftp://stargate.datasci.danforthcenter.org//shares/mgehan_share/raw_data/raw_image/gehan-sentinel-images/sentinel-me034-round2-3temps/159-002-003/10.9.1.94_pos-159-002-003_2019-01-22-09-05.jpg,sftp://stargate.datasci.danforthcenter.org//shares/mgehan_share/raw_data/raw_image/gehan-sentinel-images/sentinel-me034-round2-3temps/159-002-003/10.9.1.94_pos-159-002-003_2019-01-22-11-05.jpg,1370.07,61048,1134,0.1911282887,Les1,setaria viridis,GCH159-mid-tier,36,1/3/2019,1/11/2019,1/22/2019,29.5,20,0.07,800,570,14.3,85.3,71.4,8.3
159-186,159-002-003,sftp://stargate.datasci.danforthcenter.org//shares/mgehan_share/raw_data/raw_image/gehan-sentinel-images/sentinel-me034-round2-3temps/159-002-003/10.9.1.94_pos-159-002-003_2019-02-05-09-05.jpg,sftp://stargate.datasci.danforthcenter.org//shares/mgehan_share/raw_data/raw_image/gehan-sentinel-images/sentinel-me034-round2-3temps/159-002-003/10.9.1.94_pos-159-002-003_2019-02-05-11-05.jpg,6386.64,NA,NA,NA,Les1,setaria viridis,GCH159-mid-tier,36,1/3/2019,1/11/2019,2/5/2019,39.8,17,1.64,5049,1336,529.3,1022.2,378.1,215.1
159-193,159-001-001,sftp://stargate.datasci.danforthcenter.org//shares/mgehan_share/raw_data/raw_image/gehan-sentinel-images/sentinel-me034-round2-3temps/159-001-001/10.9.1.88_pos-159-001-001_2019-02-19-09-05.jpg,sftp://stargate.datasci.danforthcenter.org//shares/mgehan_share/raw_data/raw_image/gehan-sentinel-images/sentinel-me034-round2-3temps/159-001-001/10.9.1.88_pos-159-001-001_2019-02-19-13-05.jpg,6082.28,NA,NA,NA,ME034V-1,setaria viridis,GCH159-low-tier,36,1/3/2019,1/11/2019,2/19/2019,37.5,23,2.28,4930,1150,977,1120.3,514.6,240
159-195,159-001-001,sftp://stargate.datasci.danforthcenter.org//shares/mgehan_share/raw_data/raw_image/gehan-sentinel-images/sentinel-me034-round2-3temps/159-001-001/10.9.1.88_pos-159-001-001_2019-01-29-09-05.jpg,sftp://stargate.datasci.danforthcenter.org//shares/mgehan_share/raw_data/raw_image/gehan-sentinel-images/sentinel-me034-round2-3temps/159-001-001/10.9.1.88_pos-159-001-001_2019-01-29-12-05.jpg,3310.59,NA,NA,NA,ME034V-1,setaria viridis,GCH159-low-tier,36,1/3/2019,1/11/2019,1/29/2019,38,24,0.59,2160,1150,124.9,257.4,153.1,67.1
159-197,159-001-001,sftp://stargate.datasci.danforthcenter.org//shares/mgehan_share/raw_data/raw_image/gehan-sentinel-images/sentinel-me034-round2-3temps/159-001-001/10.9.1.88_pos-159-001-001_2019-01-15-09-05.jpg,sftp://stargate.datasci.danforthcenter.org//shares/mgehan_share/raw_data/raw_image/gehan-sentinel-images/sentinel-me034-round2-3temps/159-001-001/10.9.1.88_pos-159-001-001_2019-01-15-12-05.jpg,105.3,4918,407,0.29958577,ME034V-1,setaria viridis,GCH159-low-tier,36,1/3/2019,1/11/2019,1/15/2019,12,4.3,0,47.4,57.9,0,4.2,7.8,3.4
159-198,159-001-001,sftp://stargate.datasci.danforthcenter.org//shares/mgehan_share/raw_data/raw_image/gehan-sentinel-images/sentinel-me034-round2-3temps/159-001-001/10.9.1.88_pos-159-001-001_2019-02-12-09-05.jpg,sftp://stargate.datasci.danforthcenter.org//shares/mgehan_share/raw_data/raw_image/gehan-sentinel-images/sentinel-me034-round2-3temps/159-001-001/10.9.1.88_pos-159-001-001_2019-02-12-12-05.jpg,5502.15,175793,862,0.2175363828,ME034V-1,setaria viridis,GCH159-low-tier,36,1/3/2019,1/11/2019,2/12/2019,23.5,43.5,2.15,4220,1280,684,84.7,269.6,212.6
159-199,159-001-002,sftp://stargate.datasci.danforthcenter.org//shares/mgehan_share/raw_data/raw_image/gehan-sentinel-images/sentinel-me034-round2-3temps/159-001-002/10.9.1.89_pos-159-001-002_2019-02-05-09-05.jpg,sftp://stargate.datasci.danforthcenter.org//shares/mgehan_share/raw_data/raw_image/gehan-sentinel-images/sentinel-me034-round2-3temps/159-001-002/10.9.1.89_pos-159-001-002_2019-02-05-12-05.jpg,6031.89,171553,1270,0.2082101703,ME034V-1,setaria viridis,GCH159-low-tier,36,1/3/2019,1/11/2019,2/5/2019,36,27.8,1.89,4360,1670,497.3,704.5,295.1,173.4
159-200,159-001-002,sftp://stargate.datasci.danforthcenter.org//shares/mgehan_share/raw_data/raw_image/gehan-sentinel-images/sentinel-me034-round2-3temps/159-001-002/10.9.1.89_pos-159-001-002_2019-01-22-09-05.jpg,sftp://stargate.datasci.danforthcenter.org//shares/mgehan_share/raw_data/raw_image/gehan-sentinel-images/sentinel-me034-round2-3temps/159-001-002/10.9.1.89_pos-159-001-002_2019-01-22-12-05.jpg,1700.16,63169,1426,0.1621872128,ME034V-1,setaria viridis,GCH159-low-tier,36,1/3/2019,1/11/2019,1/22/2019,37.7,22.6,0.16,1100,600,32.5,126.1,76.8,33.7
159-201,159-001-002,sftp://stargate.datasci.danforthcenter.org//shares/mgehan_share/raw_data/raw_image/gehan-sentinel-images/sentinel-me034-round2-3temps/159-001-002/10.9.1.89_pos-159-001-002_2019-01-22-09-05.jpg,sftp://stargate.datasci.danforthcenter.org//shares/mgehan_share/raw_data/raw_image/gehan-sentinel-images/sentinel-me034-round2-3temps/159-001-002/10.9.1.89_pos-159-001-002_2019-01-22-12-05.jpg,1730.09,58078,842,0.2295155821,ME034V-1,setaria viridis,GCH159-low-tier,36,1/3/2019,1/11/2019,1/22/2019,31.6,21.8,0.09,980,750,16,102,87.5,31.4
159-204,159-001-002,sftp://stargate.datasci.danforthcenter.org//shares/mgehan_share/raw_data/raw_image/gehan-sentinel-images/sentinel-me034-round2-3temps/159-001-002/10.9.1.89_pos-159-001-002_2019-02-19-09-05.jpg,sftp://stargate.datasci.danforthcenter.org//shares/mgehan_share/raw_data/raw_image/gehan-sentinel-images/sentinel-me034-round2-3temps/159-001-002/10.9.1.89_pos-159-001-002_2019-02-19-17-05.jpg,10044.04,NA,NA,NA,ME034V-1,setaria viridis,GCH159-low-tier,36,1/3/2019,1/11/2019,2/19/2019,50.5,30.8,4.04,7550,2490,1293.7,1478.5,575.3,193
159-205,159-001-003,sftp://stargate.datasci.danforthcenter.org//shares/mgehan_share/raw_data/raw_image/gehan-sentinel-images/sentinel-me034-round2-3temps/159-001-003/10.9.1.90_pos-159-001-003_2019-02-05-09-05.jpg,sftp://stargate.datasci.danforthcenter.org//shares/mgehan_share/raw_data/raw_image/gehan-sentinel-images/sentinel-me034-round2-3temps/159-001-003/10.9.1.90_pos-159-001-003_2019-02-05-12-05.jpg,2850.9,NA,NA,NA,Les1,setaria viridis,GCH159-low-tier,36,1/3/2019,1/11/2019,2/5/2019,39.6,21,0.9,2160,690,274.3,389.3,144.7,87.4
159-207,159-001-003,sftp://stargate.datasci.danforthcenter.org//shares/mgehan_share/raw_data/raw_image/gehan-sentinel-images/sentinel-me034-round2-3temps/159-001-003/10.9.1.90_pos-159-001-003_2019-02-19-09-05.jpg,sftp://stargate.datasci.danforthcenter.org//shares/mgehan_share/raw_data/raw_image/gehan-sentinel-images/sentinel-me034-round2-3temps/159-001-003/10.9.1.90_pos-159-001-003_2019-02-19-12-05.jpg,5170.7026,NA,NA,NA,Les1,setaria viridis,GCH159-low-tier,36,1/3/2019,1/11/2019,2/19/2019,32.7,16.2,2.5026,4051,1117.2,1035.4,984.9,342.3,156.2
159-208,159-001-003,sftp://stargate.datasci.danforthcenter.org//shares/mgehan_share/raw_data/raw_image/gehan-sentinel-images/sentinel-me034-round2-3temps/159-001-003/10.9.1.90_pos-159-001-003_2019-01-22-09-05.jpg,sftp://stargate.datasci.danforthcenter.org//shares/mgehan_share/raw_data/raw_image/gehan-sentinel-images/sentinel-me034-round2-3temps/159-001-003/10.9.1.90_pos-159-001-003_2019-01-22-14-05.jpg,4190.06,NA,NA,NA,Les1,setaria viridis,GCH159-low-tier,36,1/3/2019,1/11/2019,1/22/2019,20.4,14.2,0.06,3900,290,11.9,44.8,38.3,27.9
159-210,159-001-003,sftp://stargate.datasci.danforthcenter.org//shares/mgehan_share/raw_data/raw_image/gehan-sentinel-images/sentinel-me034-round2-3temps/159-001-003/10.9.1.90_pos-159-001-003_2019-02-12-09-05.jpg,sftp://stargate.datasci.danforthcenter.org//shares/mgehan_share/raw_data/raw_image/gehan-sentinel-images/sentinel-me034-round2-3temps/159-001-003/10.9.1.90_pos-159-001-003_2019-02-12-12-05.jpg,3921.83,NA,NA,NA,Les1,setaria viridis,GCH159-low-tier,36,1/3/2019,1/11/2019,2/12/2019,31.5,15.5,1.83,3000,920,541.3,568.4,198.7,85.6
159-211,159-001-004,sftp://stargate.datasci.danforthcenter.org//shares/mgehan_share/raw_data/raw_image/gehan-sentinel-images/sentinel-me034-round2-3temps/159-001-004/10.9.1.91_pos-159-001-004_2019-02-12-09-05.jpg,sftp://stargate.datasci.danforthcenter.org//shares/mgehan_share/raw_data/raw_image/gehan-sentinel-images/sentinel-me034-round2-3temps/159-001-004/10.9.1.91_pos-159-001-004_2019-02-12-13-05.jpg,7703.02,NA,NA,NA,Les5,setaria viridis,GCH159-low-tier,36,1/3/2019,1/11/2019,2/12/2019,34.5,21.5,3.02,5960,1740,958.8,1191.2,386.1,201.5
159-213,159-001-004,sftp://stargate.datasci.danforthcenter.org//shares/mgehan_share/raw_data/raw_image/gehan-sentinel-images/sentinel-me034-round2-3temps/159-001-004/10.9.1.91_pos-159-001-004_2019-01-22-09-05.jpg,sftp://stargate.datasci.danforthcenter.org//shares/mgehan_share/raw_data/raw_image/gehan-sentinel-images/sentinel-me034-round2-3temps/159-001-004/10.9.1.91_pos-159-001-004_2019-01-22-12-05.jpg,6160.08,NA,NA,NA,Les5,setaria viridis,GCH159-low-tier,36,1/3/2019,1/11/2019,1/22/2019,31.5,21.4,0.08,5800,360,14.8,66.1,42.7,14.2
159-214,159-001-004,sftp://stargate.datasci.danforthcenter.org//shares/mgehan_share/raw_data/raw_image/gehan-sentinel-images/sentinel-me034-round2-3temps/159-001-004/10.9.1.91_pos-159-001-004_2019-02-19-09-05.jpg,sftp://stargate.datasci.danforthcenter.org//shares/mgehan_share/raw_data/raw_image/gehan-sentinel-images/sentinel-me034-round2-3temps/159-001-004/10.9.1.91_pos-159-001-004_2019-02-19-15-05.jpg,7483.52,NA,NA,NA,Les5,setaria viridis,GCH159-low-tier,36,1/3/2019,1/11/2019,2/19/2019,34,20,3.52,5780,1700,1182.7,1184.8,422.2,231.8
159-215,159-001-004,sftp://stargate.datasci.danforthcenter.org//shares/mgehan_share/raw_data/raw_image/gehan-sentinel-images/sentinel-me034-round2-3temps/159-001-004/10.9.1.91_pos-159-001-004_2019-02-19-09-05.jpg,sftp://stargate.datasci.danforthcenter.org//shares/mgehan_share/raw_data/raw_image/gehan-sentinel-images/sentinel-me034-round2-3temps/159-001-004/10.9.1.91_pos-159-001-004_2019-02-19-15-05.jpg,8204.02,NA,NA,NA,Les5,setaria viridis,GCH159-low-tier,36,1/3/2019,1/11/2019,2/19/2019,36,25.8,4.02,6310,1890,1400.3,1376.5,496,244.1
159-216,159-001-004,sftp://stargate.datasci.danforthcenter.org//shares/mgehan_share/raw_data/raw_image/gehan-sentinel-images/sentinel-me034-round2-3temps/159-001-004/10.9.1.91_pos-159-001-004_2019-02-05-09-05.jpg,sftp://stargate.datasci.danforthcenter.org//shares/mgehan_share/raw_data/raw_image/gehan-sentinel-images/sentinel-me034-round2-3temps/159-001-004/10.9.1.91_pos-159-001-004_2019-02-05-12-05.jpg,3480.99,NA,NA,NA,Les5,setaria viridis,GCH159-low-tier,36,1/3/2019,1/11/2019,2/5/2019,36,24.8,0.99,2520,960,271.5,416.5,192.1,77.1